{"cameraMode":{"drawMode":0,"name":"Shaded","section":"Shading Mode"},"sceneLighting":true,"audioPlay":false,"sceneViewState":{"m_AlwaysRefresh":false,"showFog":true,"showSkybox":true,"showFlares":true,"showImageEffects":true,"showParticleSystems":true,"showVisualEffectGraphs":true,"m_FxEnabled":true},"in2DMode":false,"pivot":{"x":775.969482421875,"y":1578.35107421875,"z":23.878400802612306},"rotation":{"x":0.020992470905184747,"y":0.02399241365492344,"z":-0.000503914023283869,"w":0.9994920492172241},"size":907.6001586914063,"orthographic":true}