{"cameraMode":{"drawMode":0,"name":"Shaded","section":"Shading Mode"},"sceneLighting":true,"audioPlay":false,"sceneViewState":{"m_AlwaysRefresh":false,"showFog":true,"showSkybox":true,"showFlares":true,"showImageEffects":true,"showParticleSystems":true,"showVisualEffectGraphs":true,"m_FxEnabled":true},"in2DMode":false,"pivot":{"x":389.8047180175781,"y":1959.8170166015625,"z":15.256730079650879},"rotation":{"x":0.004796238616108894,"y":0.039589256048202518,"z":-0.00019000736938323826,"w":0.9992080330848694},"size":1575.62841796875,"orthographic":true}